area,bbox_area,convex_area,solidity,perimeter,euler_number,centroid-0,centroid-1,eccentricity,equivalent_diameter,feret_diameter_max,major_axis_length,minor_axis_length,orientation,mean_intensity,max_intensity,total_area,entropy,obj_intensity_sum,total_intensity_sum,distance_bin_0,distance_bin_1,distance_bin_2,distance_bin_3,distance_bin_4,distance_bin_5,distance_bin_6,distance_bin_7,distance_bin_8,distance_bin_9,patchID,patchsize,object_size
1190,1849,1388,0.857348703,194.1665222,-1,40.48151261,39.8210084,0.296493034,38.92499272,44.92215489,44.67198415,42.66330907,0.750181458,153.1445378,235,1190,6.409389288,182242,289809,5210,233,230,229,222,174,102,0,0,0,0,80,10
1284,1935,1425,0.901052632,179.8233765,0,40.11370717,40.05218069,0.3303279,40.43314946,45.27692569,44.67979282,42.17174804,1.07009178,171.7764798,255,1284,6.444209757,220561,333329,5116,221,218,216,216,182,137,94,0,0,1,80,10
1047,1640,1276,0.820532915,202.6518036,0,39.91690544,40.12129895,0.110715003,36.51139279,41.97618372,42.44309128,42.18215948,1.272795873,156.0735435,229,1047,6.224206888,163409,264081,5353,245,232,228,211,101,30,0,0,0,2,80,10
1268,1936,1446,0.876901798,190.6162697,0,40.17192429,39.72318612,0.241200809,40.1804398,45.12205669,43.91503314,42.61845183,1.400233477,168.194795,255,1268,6.504150414,213271,329824,5132,231,222,220,217,178,127,57,16,0,3,80,10
1541,2162,1633,0.943661972,159.2670273,1,40.40493186,40.27579494,0.243792331,44.2951706,47.67598976,45.0630435,43.70337695,1.020205944,167.9695003,251,1541,6.782241277,258841,368476,5049,169,308,138,244,106,180,68,101,37,4,80,10
1682,2256,1753,0.959498003,161.7817459,1,40.02021403,40.39239001,0.257521169,46.27730453,49.04079934,47.12774701,45.53825332,1.46092094,146.0107015,218,1682,6.663552196,245590,341623,4911,337,154,284,127,220,176,64,95,32,5,80,10
1518,2116,1616,0.939356436,170.2314934,-1,40.27272727,40.25230567,0.297904071,43.9633669,47.5394573,45.26588075,43.2106202,1.063317712,165.9018445,255,1518,6.616199444,251839,357196,5087,190,188,186,184,175,153,122,75,40,6,80,10
1560,2116,1624,0.960591133,161.4030663,0,40.43846154,39.95384615,0.273474105,44.56740614,47.5394573,45.53815102,43.80220781,1.097538626,165.95,255,1560,6.625454059,258882,359785,5032,175,311,140,246,108,181,73,102,32,7,80,10
2065,2862,2164,0.954251386,199.9949494,-1,39.45181598,40.16707022,0.22671687,51.27611198,54.5710546,52.1511404,50.79316163,-0.090440067,169.0096852,255,2065,7.262482561,349005,470869,4577,223,216,425,209,207,353,103,60,27,8,80,10
1691,2256,1748,0.967391304,156.9533188,1,39.54583087,39.59491425,0.320819882,46.40094902,49.47726751,47.7136816,45.19154705,1.519874003,153.4435245,224,1691,6.711800146,259473,358951,4895,340,157,283,127,223,178,70,95,32,9,80,10
1292,1935,1469,0.879509871,201.3086579,-1,39.77399381,40.15712074,0.172141326,40.55891384,45.70557953,43.48212205,42.83303237,1.335195455,145.3839009,247,1295,6.414306817,188095,286382,5105,247,219,217,213,201,135,63,0,0,10,80,10
1304,1932,1450,0.899310345,182.7167748,-1,39.97315951,40.17331288,0.429243523,40.74683259,46.5295605,44.42129421,40.12081516,1.379862808,161.5115031,255,1306,6.333170747,210795,309885,5094,219,203,199,195,190,151,102,47,0,11,80,10
1691,2400,1779,0.950534008,167.6812409,1,40.15375517,40.42223536,0.369126307,46.40094902,50.99019514,48.2553288,44.84750075,1.020133155,139.9438202,214,1691,6.581078238,236645,325550,4912,348,158,283,126,217,169,66,94,27,12,80,10
1578,2112,1642,0.961023143,154.1248917,1,39.71989861,40.26235741,0.383358382,44.82378834,48.66210024,46.72644212,43.15652655,1.411876687,162.9619772,255,1578,6.617443929,257154,348977,5005,332,153,273,119,208,160,61,77,12,13,80,10
1400,1980,1501,0.932711526,183.9949494,-2,40.18928571,40.08785714,0.297769538,42.22008246,46.32493929,43.91424641,41.92219897,0.949873201,158.2414286,255,1400,6.635822622,221538,326158,5000,223,208,203,202,201,180,135,48,0,14,80,10
1651,2256,1727,0.955993052,161.2670273,1,40.20896426,40.21017565,0.325452604,45.84886573,49.47726751,47.20605935,44.63608382,1.567943188,137.7758934,211,1651,6.535899856,227468,314197,4945,337,154,280,125,217,166,61,86,29,15,80,10
1360,1936,1472,0.923913043,189.5452019,-2,40.76176471,39.90661765,0.33884994,41.61256758,45.88027899,44.38808739,41.7621073,0.899662533,160.2683824,246,1364,6.546069563,218339,332217,5036,235,208,203,201,193,151,108,65,0,16,80,10
1142,1806,1387,0.823359769,210.5452019,0,39.7530648,40.03152364,0.248304804,38.13187066,44.14748011,44.76485748,43.36290952,-1.333091122,150.6584939,235,1142,6.46630312,172052,285932,5258,250,237,235,219,133,68,0,0,0,17,80,10
1603,2208,1679,0.954734961,163.1309883,-1,39.7592015,39.68059888,0.256722767,45.17746109,49.03060269,46.02344152,44.48096982,1.286220523,166.5658141,249,1603,6.888802807,267005,383268,4997,176,315,144,247,109,181,75,110,46,18,80,10
1539,2162,1631,0.943592888,183.1309883,0,40.28395062,40.04938272,0.304864778,44.26641683,47.67598976,46.11673423,43.9213769,1.195478002,164.4808317,255,1539,6.857582131,253136,377143,4861,220,208,206,204,204,196,149,99,53,19,80,10
1660,2256,1715,0.967930029,154.9533188,1,39.91807229,39.97951807,0.306745958,45.97366251,49.47726751,47.18349082,44.90884198,1.520271021,162.5590361,243,1660,6.728332355,269848,373826,4924,340,157,284,127,221,170,64,86,27,20,80,10
1403,2448,1727,0.81239143,236.1726189,0,39.76692801,40.28367783,0.242401491,42.26529405,51.2445119,49.5225392,48.04558017,-1.215283791,163.7940128,255,1405,7.087962183,230011,389756,4995,282,259,258,255,195,109,47,0,0,21,80,10
1391,1935,1506,0.923638778,184.8883476,0,40.68511862,39.80661395,0.369759441,42.08415624,46.32493929,45.30528811,42.09439016,1.452077281,162.9676492,255,1391,6.674158936,226688,339794,5009,222,211,208,207,203,161,109,70,0,22,80,10
1198,1980,1459,0.82111035,215.3441918,-1,39.74540902,39.91569282,0.320232327,39.05561387,45.89117562,46.06622294,43.64033142,-1.009026749,157.8046745,250,1198,6.626198978,189050,314584,5202,263,236,236,226,148,89,0,0,0,23,80,10
1571,2162,1640,0.957926829,155.2314934,1,40.34945894,39.7880331,0.298202254,44.7242588,47.5394573,45.8720043,43.78495224,0.637868301,169.0611076,255,1572,6.733339691,265695,375469,5018,174,310,142,251,110,187,71,99,38,24,80,10
1526,2209,1672,0.912679426,227.0660172,-5,40.06946265,40.36107471,0.16122158,44.07906017,48.05205511,45.65224344,45.05503151,-0.62424074,142.9534731,252,1526,6.660142341,218147,314577,4874,277,225,221,216,213,196,125,53,0,25,80,10
1701,2352,1767,0.962648557,160.6812409,1,39.54673721,39.87301587,0.20925447,46.53794651,49.36598019,47.10937666,46.06643256,1.184560148,155.7954145,233,1701,6.798968175,265008,367118,4894,345,156,285,127,219,174,70,94,36,26,80,10
1350,2025,1482,0.910931174,189.9238816,-2,40.45777778,39.98962963,0.220154713,41.45929794,45.54119015,43.04021026,41.98421729,1.310595546,147.5740741,238,1351,6.474231119,199311,291788,5049,226,197,196,196,194,173,117,52,0,27,80,10
1502,2070,1573,0.954863318,154.6101731,1,40.05259654,39.45139814,0.289963057,43.73106214,46.69047012,44.77618727,42.85250551,1.027955355,166.8428762,253,1502,6.696853028,250598,359902,5085,169,300,136,236,103,173,66,97,35,28,80,10
1274,1980,1487,0.856758574,199.0660172,0,40.3744113,40.12872841,0.311817215,40.27539174,46.09772229,45.80157948,43.51800926,-1.442656406,164.188383,253,1274,6.697603696,209176,353694,5126,241,230,230,222,171,121,59,0,0,29,80,10
1071,1640,1262,0.848652932,190.7523087,-1,39.61811391,39.83846872,0.116301904,36.92749047,41.59326869,42.04612727,41.76079839,-0.830518231,169.9915966,255,1071,6.427989691,182061,307298,5329,232,221,220,205,126,67,0,0,0,30,80,10
1757,2401,1823,0.963795941,161.6812409,1,40.38702334,39.91804212,0.263852748,47.29779995,49.81967483,48.23553916,46.52621502,0.969470549,148.3170176,228,1757,6.796188533,260593,358669,4839,354,161,294,131,229,188,74,99,31,31,80,10
1641,2256,1721,0.953515398,161.1959595,1,39.73491773,40.36867764,0.312698984,45.70980303,49.03060269,46.97195062,44.61641419,1.264774921,152.308958,235,1641,6.707890246,249939,345699,4952,338,153,278,126,214,165,63,88,23,32,80,10
1230,1892,1437,0.855949896,203.3086579,-1,39.52195122,40.17235772,0.182417043,39.57378728,44.91102315,44.22496839,43.48292862,-0.647188434,137.4569106,228,1230,6.368760555,169072,266525,5170,247,238,230,229,159,83,44,0,0,33,80,10
1379,2070,1531,0.900718485,198.0660172,-2,40.01740392,40.34227701,0.286181787,41.90223541,46.69047012,45.13975958,43.25180454,1.202425123,165.6910805,255,1379,6.611365769,228488,342855,5021,241,220,214,214,201,146,96,47,0,34,80,10
1774,2352,1834,0.967284624,161.7817459,1,40.30270575,40.12344983,0.242832389,47.52606603,50.21951812,48.29742926,46.8518032,-1.485117468,152.8472379,212,1774,6.727597725,271151,380015,4818,350,314,142,251,209,87,135,79,15,35,80,10
1474,2115,1602,0.920099875,193.2081528,-1,39.67299864,39.78154681,0.307413791,43.32153147,47.85394446,45.96290612,43.7371954,1.429535449,152.5603799,238,1474,6.72705682,224874,339617,4926,243,219,216,213,205,165,108,105,0,36,80,10
1484,2070,1577,0.941027267,172.5807358,0,40.06132075,39.23854447,0.377605244,43.46823535,47.29693436,45.83431314,42.44104645,1.159329354,163.3955526,255,1484,6.46754414,242479,346978,4916,211,201,200,200,195,178,152,91,56,37,80,10
1319,1978,1513,0.871777925,200.7228714,0,40.03260045,40.05155421,0.379205666,40.98051927,47.07440918,46.24683239,42.7927681,-1.476595608,160.2805155,255,1321,6.661673463,211599,329564,5079,243,225,220,220,180,135,74,24,0,38,80,10
1446,2068,1554,0.930501931,175.0304833,0,40.32849239,40.2724758,0.33933365,42.90809226,47.51841748,45.7979584,43.08058599,1.161386421,157.3907331,245,1446,6.387389096,227587,325078,4954,219,212,211,208,204,187,133,72,0,39,80,10
1217,1848,1384,0.87933526,190.9238816,0,39.86195563,40.30156122,0.177438146,39.364102,45.12205669,42.99875341,42.31644725,1.1106743,136.7288414,210,1217,6.292058696,166399,257349,5183,228,217,211,209,180,122,50,0,0,40,80,10
1584,2162,1666,0.950780312,159.1959595,1,39.84911616,40.19823232,0.204091924,44.90892382,47.85394446,45.48890509,44.53144226,1.034858504,164.8099747,243,1584,6.836255377,261059,377780,5008,336,152,268,120,210,160,58,70,18,41,80,10
1339,1978,1510,0.886754967,190.373629,0,40.017177,40.22778193,0.349367457,41.2900442,46.69047012,45.53194428,42.66278501,1.473002932,164.2330097,255,1339,6.663681249,219908,336087,5061,231,218,216,216,195,142,83,38,0,42,80,10
1180,1804,1368,0.862573099,183.0660172,0,39.56694915,40.26525424,0.258288652,38.76109729,44.91102315,42.97254233,41.51438894,1.351576803,159.95,241,1180,6.327791368,188741,290703,5220,228,217,211,210,177,105,32,0,0,43,80,10
1267,1932,1434,0.883542538,193.4802307,0,39.63693765,40.46566693,0.326062098,40.16459266,46.69047012,43.45259539,41.07783948,1.244120824,146.5232833,230,1269,6.294654909,185813,277955,5131,238,203,199,198,187,147,77,20,0,44,80,10
1417,1980,1525,0.929180328,183.3380951,0,39.98870854,39.78546224,0.371560455,42.4756452,46.84015371,45.48919419,42.23256643,1.089368252,164.5088215,255,1417,6.68538685,233109,342680,4983,225,213,212,210,207,180,111,59,0,45,80,10
1303,1980,1477,0.882193636,198.509668,-1,40.97467383,40.99846508,0.279792978,40.73120581,46.57252409,43.91311978,42.15924546,-1.459744739,139.828089,233,1304,6.435354116,182278,279672,5096,239,211,206,204,201,147,75,21,0,46,80,10
1608,2208,1702,0.944770858,168.2670273,1,40.14241294,39.67848259,0.413325464,45.2478639,49.24428901,47.54572656,43.29434758,1.172259309,151.0192786,231,1608,6.817380354,242839,354264,4992,176,311,138,250,110,188,77,114,44,47,80,10
1284,1936,1451,0.884906961,196.8233765,0,40.28894081,40.27570093,0.161328722,40.43314946,45.607017,43.75771923,43.18452489,-0.405357301,138.0155763,225,1287,6.474401915,177471,286691,5113,239,220,214,214,199,141,60,0,0,48,80,10
1247,1936,1445,0.862975779,194.8589104,0,40.29831596,40.05934242,0.309462644,39.84632621,45.607017,44.61171548,42.42179776,0.832814225,159.2068966,235,1247,6.581923511,198531,322339,5153,237,227,216,214,185,131,37,0,0,49,80,10
1147,1806,1324,0.866314199,182.6812409,0,40.20662598,40.57192677,0.188707818,38.21525556,44.14748011,42.50441211,41.74074716,0.223416365,161.6050567,242,1147,6.376951202,185361,301416,5253,221,214,212,210,161,94,35,0,0,50,80,10
1728,2304,1776,0.972972973,159.4386002,1,40.18923611,39.46469907,0.256330069,46.90584114,49.47726751,47.76739679,46.17145515,1.152770871,145.5619213,214,1728,6.734720701,251531,356114,4865,352,160,290,127,224,180,71,96,35,51,80,10
1702,2304,1769,0.962125495,160.8528137,1,39.70387779,39.83607521,0.279305829,46.55162409,49.47726751,47.57697669,45.68351741,1.275028602,148.3178613,220,1702,6.682909813,252437,346364,4891,340,156,285,130,225,177,67,98,31,52,80,10
1514,2024,1573,0.962492053,154.7817459,0,40.24174373,40.17965654,0.319498411,43.90540594,47.29693436,45.18383231,42.81560359,1.243238724,143.3824306,233,1514,6.376036097,217081,297174,5073,168,306,138,247,105,176,67,96,24,53,80,10
1740,2304,1813,0.959735245,170.7523087,1,40.47701149,40.43563218,0.216111248,47.06842687,49.76946855,47.7109856,46.58351519,-1.195426017,122.1126437,174,1740,6.534096015,212476,302040,4865,353,305,138,250,202,81,121,69,16,54,80,10
1543,2070,1614,0.956009913,163.3025612,0,39.59429682,39.84445885,0.26109581,44.32390571,47.80167361,45.21738226,43.64892201,1.291359068,141.5346727,226,1543,6.416400331,218388,300444,5058,333,146,267,116,202,145,50,66,17,55,80,10
1725,2550,1829,0.943138327,170.9238816,1,40.43710145,40.16637681,0.499097105,46.86510658,52.20153254,50.50939823,43.7687202,-0.849698921,108.1484058,183,1726,6.648146136,186623,277259,4881,186,335,152,269,116,198,81,123,59,56,80,10
1586,2162,1678,0.945172825,167.2670273,1,40.06368222,39.70807062,0.267143767,44.93726647,48.38388161,45.86814719,44.2011467,1.428350473,137.5630517,215,1586,6.590233956,218175,310526,5017,169,308,142,252,107,183,77,103,42,57,80,10
1443,2116,1623,0.88909427,203.7584053,0,40.45460845,40.21968122,0.350195645,42.86355868,47.80167361,47.1012393,44.11862761,-1.23976914,129.4705475,223,1443,6.585395011,186826,293554,4957,249,230,223,218,206,155,105,57,0,58,80,10
1633,2352,1776,0.919481982,203.0660172,-2,40.00306185,40.16595224,0.438035377,45.59824752,51.10772936,49.04555498,44.089881,-0.710383124,104.9203919,175,1635,6.615813787,171464,273336,5014,223,217,213,212,195,144,89,66,27,59,80,10
2125,3080,2348,0.905025554,261.1787156,-4,40.69035294,39.83764706,0.467621625,52.01570948,57.80138407,56.49152701,49.93448424,-0.821102881,112.3548235,190,2128,7.03516761,238967,350889,4597,273,262,257,252,244,219,163,85,48,60,80,10
1275,1935,1464,0.870901639,195.9949494,-1,40.47294118,40.45411765,0.346313491,40.29119531,45.54119015,45.46826591,42.65463707,-1.226029822,143.4705882,236,1276,6.579498904,183010,303877,5124,238,227,226,216,169,124,60,16,0,61,80,10
1432,2162,1605,0.892211838,201.5452019,0,40.48044693,40.34706704,0.41287129,42.69987152,47.85394446,48.10515186,43.81366153,-1.003885321,125.3798883,209,1434,6.557880894,179694,283981,4966,241,234,229,228,218,159,81,44,0,62,80,10
1389,2350,1763,0.7878616,232.4152596,0,40.41828654,39.73722102,0.296518573,42.05389076,50.80354318,51.49019339,49.17452938,1.548914271,165.4485241,248,1389,6.963079437,229808,376417,5011,281,276,272,256,171,93,40,0,0,63,80,10
1470,2209,1633,0.900183711,196.273124,-1,39.77959184,39.85442177,0.264669442,43.26271063,47.51841748,46.10132116,44.45731102,1.146712764,146.6897959,231,1473,6.617300382,215897,319308,4927,243,220,218,218,217,182,109,66,0,64,80,10
1271,1935,1483,0.857046527,199.4802307,0,40.16915814,40.3422502,0.268038807,40.22794379,45.89117562,45.2217154,43.56696764,-1.433746172,153.8166798,237,1274,6.58604384,195776,312565,5126,244,230,228,225,167,117,45,18,0,65,80,10
1213,1978,1470,0.825170068,212.3086579,0,40.59027205,39.97197032,0.331172639,39.29935836,46.69047012,46.9102481,44.2631112,-1.315621793,168.6504534,246,1214,6.689826438,204677,354619,5186,258,251,244,229,156,76,0,0,0,66,80,10
1206,1892,1435,0.840418118,210.8944443,-1,40.03897181,39.70895522,0.295148264,39.18579961,44.91102315,45.35505941,43.33455797,-1.262495652,151.5414594,229,1206,6.510477699,182759,312692,5194,259,240,235,227,150,65,30,0,0,67,80,10
1239,1935,1444,0.858033241,193.2020561,0,40.38337369,40.14689266,0.26889339,39.71830555,45.607017,44.79635792,43.14650564,1.310606764,165.1638418,255,1239,6.623003064,204638,337545,5161,233,227,225,216,168,118,52,0,0,68,80,10
1254,1936,1430,0.876923077,189.4091629,0,39.43939394,44.02392344,0.303725237,39.95800782,45.35416188,44.61027135,42.50286722,1.562676991,167.5677831,248,1464,6.917716955,247325,401127,4936,280,266,258,248,190,137,85,0,0,69,80,10
1196,1890,1428,0.837535014,203.0304833,0,40.04431438,39.89799331,0.319543108,39.02299957,45.70557953,45.50829785,43.12237697,-1.407833893,159.6078595,240,1196,6.515142214,190891,315477,5204,246,235,232,217,153,83,30,0,0,70,80,10
1548,2208,1628,0.950859951,159.1959595,1,40.53036176,40.23449612,0.426061884,44.39566212,49.24428901,46.80746777,42.34643621,1.248372904,126.9250646,213,1554,6.452552203,196947,276893,5042,170,316,141,250,106,175,69,99,32,71,80,10
1247,1890,1433,0.870202373,198.1665222,-1,40.02967121,40.22373697,0.369535763,39.84632621,45.54119015,45.12174355,41.92786901,1.51313276,165.5797915,250,1247,6.422951936,206478,327185,5153,239,222,220,214,167,119,66,0,0,72,80,10
1183,1892,1376,0.859738372,192.8944443,-1,40.06508876,40.22400676,0.288568571,38.81033859,44.72135955,43.89703487,42.02962127,1.378303225,164.3770076,250,1188,6.43219324,194934,311155,5212,241,226,222,208,147,103,41,0,0,73,80,10
1370,2068,1544,0.887305699,204.6162697,0,40.26788321,39.71459854,0.291989124,41.76527477,47.38143096,45.15180416,43.18416253,-1.303660933,130.9781022,216,1373,6.439385638,179684,272567,5027,247,218,214,211,198,161,88,36,0,74,80,10
1163,1804,1359,0.855776306,188.373629,0,40,40.20808255,0.251268586,38.48087305,45.12205669,43.37946566,41.98773971,1.282500395,163.8512468,243,1163,6.344655505,190559,313841,5237,233,221,217,213,156,84,39,0,0,75,80,10
1232,2024,1511,0.81535407,212.3797257,0,39.88230519,40.55762987,0.379452532,39.60594803,46.87216658,48.07136237,44.47616315,-1.210877404,157.2150974,234,1232,6.72853941,193689,342667,5168,259,252,247,240,162,72,0,0,0,76,80,10
1124,1806,1306,0.860643185,184.8233765,0,39.71085409,39.57117438,0.187266067,37.83016321,43.73785546,42.75611087,41.99972228,0.297091202,148.8540925,230,1125,6.579964963,167402,288474,5275,228,221,217,208,157,70,24,0,0,77,80,10
1207,2070,1477,0.817197021,217.5868325,-1,40.18724109,40.2062966,0.209745223,39.20204243,46.38965402,45.67430171,44.65832594,1.363348774,141.8980944,218,1208,6.568493965,171354,280069,5192,266,249,240,226,150,77,0,0,0,78,80,10
1541,2160,1600,0.963125,153.4386002,1,40.05580792,39.59831278,0.335442936,44.2951706,48.50773134,45.74269364,43.09238608,1.279577853,152.541207,244,1541,6.452671557,235066,322967,5046,170,312,143,249,107,179,69,96,29,79,80,10
1661,2303,1726,0.962340672,157.0243866,1,40.03251054,40.08127634,0.283976631,45.98750791,49.49747468,47.02454181,45.08859793,1.516096406,148.730885,220,1661,6.582913736,247042,341004,4928,341,155,282,126,221,167,64,90,26,80,80,10
1426,2160,1606,0.887920299,206.5512986,-1,39.99929874,39.94109397,0.351514061,42.61032258,48.37354649,47.08645552,44.08152046,1.323495406,147.240533,242,1426,6.896041456,209965,345254,4974,253,231,223,222,212,167,118,0,0,81,80,10
1245,2024,1525,0.816393443,211.8233765,0,40.06425703,40.07389558,0.386331524,39.81435964,47.07440918,48.41412183,44.65524899,-1.156173269,152.6554217,224,1247,6.696947413,190242,336544,5153,256,250,249,244,178,70,0,0,0,82,80,10
1323,1978,1517,0.872116018,201.6162697,0,40.29478458,40.00755858,0.338034503,41.042611,46.87216658,45.79910744,43.10308426,-1.079321655,137.2426304,231,1323,6.624505209,181572,299532,5077,241,227,223,220,196,131,60,25,0,83,80,10
1271,1890,1453,0.874741913,192.6518036,0,40.22108576,40.07317073,0.377062483,40.22794379,46.09772229,45.70666188,42.33295368,-1.500439589,154.9496459,244,1271,6.610730325,196941,326899,5129,234,230,228,222,164,127,66,0,0,84,80,10
1432,1978,1539,0.930474334,181.9238816,0,39.9622905,39.79539106,0.360846966,42.69987152,46.5295605,45.53483128,42.46692388,1.300876674,154.2953911,241,1432,6.662233185,220951,331316,4968,217,209,206,205,201,175,121,67,31,85,80,10
1148,1764,1336,0.859281437,189.7523087,0,39.88066202,39.90766551,0.23629235,38.23191072,43.41658669,43.0028868,41.78513142,-0.421294847,141.6437282,227,1148,6.390869502,162607,261861,5252,226,218,216,207,150,88,43,0,0,86,80,10
1354,2025,1542,0.878080415,208.9949494,0,39.85450517,40.37149188,0.381651313,41.52067369,46.84015371,46.79917479,43.25677562,-0.868603327,124.521418,203,1354,6.480708266,168602,262777,5046,247,234,226,223,207,154,63,0,0,87,80,10
1464,2160,1614,0.907063197,190.5807358,-1,39.99385246,39.50751366,0.36083995,43.1743291,48.50773134,47.25236446,44.06886661,1.345114934,157.6202186,254,1464,6.746667607,230756,341408,4936,238,229,220,220,214,173,107,63,0,88,80,10
1561,2162,1653,0.944343618,162.1959595,1,40.68930173,39.69698911,0.37533832,44.58168827,48.27007354,46.40255525,43.00996614,1.059103976,154.4522742,242,1569,6.768553882,241840,346530,5034,331,148,269,119,201,155,56,69,18,89,80,10
1172,1806,1372,0.854227405,187.8233765,0,39.98549488,40.05375427,0.081929529,38.62948028,43.8634244,43.0869568,42.94210384,1.415009748,169.6851536,255,1173,6.443505423,198969,319561,5227,230,224,222,209,149,97,42,0,0,90,80,10
1121,1806,1324,0.846676737,188.0660172,0,40.44603033,40.10704728,0.104185248,37.77964438,43.93176527,42.58475501,42.35300489,-0.695794354,148.6333631,236,1121,6.253733871,166618,265437,5279,230,223,222,213,147,86,0,0,0,91,80,10
1218,1848,1393,0.874371859,197.8589104,-2,39.74876847,40.48522167,0.175301201,39.38027127,44.91102315,42.92054473,42.25591364,-0.792720706,139.2848933,226,1218,6.357470152,169649,276925,5182,238,230,223,218,179,98,32,0,0,92,80,10
1583,2115,1648,0.960558252,160.3675324,1,39.95325332,39.47504738,0.350642789,44.89474579,48.27007354,46.47153703,43.52102576,1.104727621,160.3701832,240,1583,6.737211224,253866,359865,5008,171,309,141,254,114,184,74,104,41,93,80,10
1429,2070,1514,0.943857332,168.1309883,-1,40.06438069,39.85654304,0.27179128,42.65512055,46.69047012,43.65998117,42.01645459,0.853896391,136.4429671,225,1429,6.459825308,194977,284834,4971,202,188,178,173,172,171,160,126,59,94,80,10
1479,2024,1551,0.953578337,166.1959595,-1,40.41176471,39.7795808,0.333689312,43.3949454,46.87216658,44.82919824,42.25972795,1.076267152,136.4989858,217,1479,6.4698442,201882,285531,5117,172,303,137,241,97,159,64,87,23,95,80,10
1277,1849,1404,0.90954416,190.373629,0,40.48864526,40.60532498,0.185938051,40.32278387,44.64302857,42.25778399,41.52087033,0.027467695,136.9600626,222,1281,6.200750291,175223,253885,5119,238,208,203,202,199,157,74,0,0,96,80,10
1567,2208,1657,0.945684973,162.2314934,1,40.43714103,39.75622208,0.289366726,44.66728519,48.37354649,45.74337304,43.78639435,1.134595519,138.2999362,219,1567,6.517722607,216716,298836,5027,172,312,141,248,109,179,70,102,40,97,80,10
1383,2116,1549,0.892834087,196.0660172,0,40.3637021,39.81417209,0.36634759,41.96296332,47.5394573,46.85205037,43.59480553,-1.030634744,128.0007231,222,1384,6.544605041,177105,285890,5016,238,231,228,225,206,155,73,28,0,98,80,10
1270,1936,1461,0.869267625,195.4802307,0,40.43779528,39.51811024,0.27812686,40.21211536,45.88027899,44.95647332,43.18268648,-1.320304464,146.3976378,236,1270,6.567750091,185925,308824,5130,236,225,224,221,178,126,60,0,0,99,80,10
1425,2115,1595,0.893416928,203.2375901,-1,40.61263158,40.39859649,0.397658035,42.59537946,48.25971405,47.11816418,43.23250344,-0.881803978,122.0912281,212,1425,6.568959002,173980,282630,4975,242,227,223,220,214,159,92,48,0,100,80,10
1428,1935,1519,0.940092166,181.3380951,0,40.37955182,40.07633053,0.375086742,42.64019313,46.84015371,45.37763138,42.06459769,1.185250965,159.2247899,252,1428,6.665937282,227373,333534,4972,221,210,206,204,203,186,134,64,0,101,80,10
1546,2208,1683,0.918597742,199.0954544,-3,40.17205692,40.5084088,0.450825261,44.36697348,50.92150823,47.99348873,42.83957475,-0.649682864,110.7554981,190,1550,6.483219219,171499,258236,5090,213,210,206,204,189,151,81,41,15,102,80,10
1334,2070,1535,0.869055375,203.3086579,0,40.01649175,39.73613193,0.365383067,41.21288091,46.57252409,46.70789422,43.47838183,-0.79354149,130.9197901,220,1335,6.462397166,174728,278079,5065,249,236,235,232,205,117,61,0,0,103,80,10
1268,2024,1505,0.842524917,211.4446968,-2,39.97712934,40.14589905,0.29799282,40.1804398,46.5295605,45.77824842,43.69845614,-1.291849059,151.8004732,240,1268,6.5402081,192483,309262,5132,251,234,229,219,167,109,39,20,0,104,80,10
1326,2025,1499,0.884589726,195.8944443,-1,40.16892911,40.15912519,0.312403666,41.08911822,46.84015371,45.20605947,42.94347113,1.425411778,159.0904977,243,1328,6.613421639,211142,325379,5072,244,226,222,221,180,136,75,24,0,105,80,10
1294,1978,1492,0.867292225,200.0660172,0,39.73802164,39.72565688,0.373651549,40.59029405,46.69047012,46.541053,43.17004478,1.230717473,163.4219474,253,1294,6.547312512,211468,336428,5106,243,233,229,220,181,133,55,0,0,106,80,10
1116,1681,1304,0.855828221,184.509668,0,39.81272401,40.2016129,0.184054698,37.69529589,42.72001873,42.41855538,41.69387689,0.491132065,156.6863799,240,1116,6.309137206,174862,283520,5284,222,219,218,200,140,84,33,0,0,107,80,10
1029,1806,1325,0.776603774,199.137085,0,40.09912536,40.34013605,0.229401693,36.19618062,43.28972164,44.81212292,43.61706588,-0.435535855,166.2934888,241,1029,6.540278295,171116,320950,5371,246,240,236,206,101,0,0,0,0,108,80,10
1591,2304,1740,0.914367816,213.373629,-2,40.26461345,39.81269642,0.315925433,45.00804501,49.04079934,47.35262987,44.92741863,-0.920182564,123.8095537,218,1591,6.680048387,196981,293211,4809,254,223,218,215,214,208,166,93,0,109,80,10
1217,1890,1413,0.86128804,190.7584053,0,40.52095316,39.83483977,0.291059069,39.364102,46.09772229,44.23901242,42.32368811,1.284843765,171.4502876,255,1217,6.481853468,208655,331911,5183,238,225,219,213,159,106,57,0,0,110,80,10
1634,2208,1698,0.962308598,165.2670273,0,40.48592411,39.62851897,0.315627865,45.61220688,48.66210024,46.89394137,44.49686632,1.234116165,150.7894737,223,1634,6.683211291,246390,344353,4970,181,317,144,256,112,186,78,109,47,111,80,10
1367,2304,1692,0.807919622,224.5868325,0,40.56912948,40.35771763,0.252728496,41.7195213,49.64876635,49.34526314,47.74337962,1.399433229,172.518654,253,1367,6.85795995,235833,382150,5033,272,258,256,248,182,113,38,0,0,112,80,10
1283,2024,1443,0.889119889,204.8944443,-1,39.74201091,40.03897116,0.201817704,40.4174014,46.27094121,43.46137431,42.56707409,-0.683750798,141.4403741,232,1285,6.43684872,181650,283621,5115,251,224,217,212,191,128,62,0,0,113,80,10
1597,2115,1640,0.973780488,148.9533188,1,40.19724483,40.09329994,0.32765486,45.09283261,48.10405388,46.45881193,43.8941688,1.35960756,145.1734502,215,1597,6.482565397,231842,323392,4983,336,154,274,121,211,166,63,76,16,114,80,10
1637,2208,1701,0.962375073,155.7817459,1,39.67562615,39.81918143,0.311588435,45.65405935,48.83646179,46.87410942,44.54058303,1.403283439,154.0959071,235,1637,6.62613391,252255,349072,4950,339,151,272,124,215,167,63,87,32,115,80,10
1558,2112,1637,0.95174099,153.7817459,1,39.9351733,39.86264442,0.333509028,44.53882812,48.50773134,45.93791189,43.30782429,1.365807398,140.7509628,219,1558,6.436752231,219290,301902,5029,170,304,136,247,109,183,73,104,45,116,80,10
1339,1890,1481,0.904118839,195.6518036,-1,40.14189694,40.46079164,0.285138348,41.2900442,45.70557953,43.23501194,41.44016967,1.411623616,134.5100822,214,1341,6.177678233,180263,257263,5059,240,203,191,188,188,177,117,37,0,117,80,10
1032,1806,1316,0.784194529,201.9655121,0,40.33042636,40.57073643,0.263031598,36.24890633,43.56604182,44.55840011,42.98937493,0.032345152,170.5765504,241,1033,6.818900165,176139,348207,5367,250,239,237,203,104,0,0,0,0,118,80,10
1599,2208,1669,0.958058718,163.4741341,1,39.75297061,40.25578487,0.262541432,45.12105974,48.83646179,46.01207164,44.39800131,-1.491126894,129.2945591,206,1599,6.497137216,206742,287774,4997,331,152,279,121,205,161,60,76,18,119,80,10
1359,2070,1562,0.870038412,204.5157646,0,39.69977925,40.49668874,0.364146205,41.59726603,47.12748667,46.8050331,43.5914836,-1.18476797,136.4503311,229,1359,6.570623416,185436,296200,5041,247,233,231,228,203,137,80,0,0,120,80,10
1430,2116,1651,0.866141732,213.0660172,0,40.23776224,39.66433566,0.339294602,42.67004276,47.63402146,47.63002479,44.80461958,-1.067751864,128.7048951,211,1430,6.606388092,184048,294052,4970,254,235,233,232,215,153,108,0,0,121,80,10
1383,2115,1584,0.873106061,218.3086579,-2,39.95227766,40.28199566,0.354643035,41.96296332,48.05205511,47.07944887,44.01936823,-1.223945787,130.8749096,218,1383,6.542412383,181000,285095,5017,264,242,234,231,208,130,74,0,0,122,80,10
1449,2068,1519,0.953917051,151.2314934,1,40.2305038,39.5410628,0.37386262,42.95257967,47.51841748,44.72223888,41.47916513,1.001065368,148.3015873,226,1452,6.549699467,215151,323444,5135,169,298,133,236,103,166,64,81,15,123,80,10
1215,1892,1432,0.848463687,200.4091629,0,39.58765432,39.60740741,0.275016768,39.3317435,45.22167622,45.1519509,43.41086593,-0.830608748,134.9769547,225,1215,6.389723045,163997,262938,5185,241,234,230,218,162,96,34,0,0,124,80,10
1408,2025,1566,0.899106003,209.4802307,-3,39.64275568,39.98082386,0.291853474,42.34053943,46.32493929,45.80417449,43.81000004,0.975193572,127.0170455,217,1409,6.410324771,178914,264010,4991,251,223,216,216,204,161,102,36,0,125,80,10
1302,2116,1543,0.843810758,214.9655121,-4,40.50844854,40.0030722,0.332032528,40.71557303,46.69047012,46.91996788,44.25810129,-1.296242204,148.1897081,235,1302,6.635686987,192943,316976,5098,277,246,242,234,174,99,30,0,0,126,80,10
1053,1804,1337,0.787584144,202.5512986,0,59.668566,33.30104463,0.172629219,36.61586051,44.92215489,44.37784816,43.71159817,1.176093561,177.7587844,252,1053,6.708087115,187180,337091,5347,238,233,234,207,90,51,0,0,0,127,80,10
1213,1935,1436,0.844707521,197.2375901,0,40.12530915,39.76504534,0.312757772,39.29935836,45.89117562,45.24629184,42.9764175,1.545972648,162.5647156,246,1216,6.52912413,197479,320737,5184,241,232,230,217,158,98,40,0,0,128,80,10
1376,1980,1501,0.916722185,182.509668,-2,40.42078488,40.14607558,0.358409132,41.85663166,45.89117562,45.0229001,42.03178649,1.057403168,162.1787791,255,1376,6.405343484,223158,329383,5024,220,210,203,202,200,171,112,58,0,129,80,10
1621,2208,1683,0.963161022,158.6101731,1,40.15916101,40.45835904,0.254127371,45.43040064,48.37354649,46.24643644,44.72820109,1.182089684,149.8112276,223,1621,6.640977507,242844,338022,4969,337,153,275,120,208,166,62,83,27,130,80,10
1132,1681,1314,0.861491629,180.509668,0,40.295053,40.16784452,0.176954403,37.96455142,43.65775991,42.24590607,41.57922556,0.435362968,166.8047703,248,1135,6.332145872,189120,307494,5265,221,214,212,205,153,88,42,0,0,131,80,10
1199,1722,1309,0.915966387,172.7523087,0,40.25688073,40.42035029,0.189660428,39.07191081,42.57933771,41.70294962,40.94603045,0.391818735,165.1968307,251,1199,6.325460895,198071,302661,5201,209,204,202,202,184,130,68,0,0,132,80,10
1452,2115,1606,0.904109589,199.8944443,0,40.62258953,39.69421488,0.382476276,42.99702105,48.50773134,47.32680798,43.72832892,-1.547563927,138.565427,234,1453,6.683826196,201284,319207,4947,243,222,222,222,212,163,117,52,0,133,80,10
1795,2703,1972,0.910243408,194.9299782,1,40.58384401,39.96490251,0.506371834,47.80653703,54.34151268,51.72067733,44.59952805,-0.786403078,97.49693593,160,1796,6.668032565,175069,273567,4843,364,160,292,130,230,191,70,96,24,134,80,10
1633,2160,1685,0.969139466,157.3675324,1,39.74157991,40.07838334,0.330117926,45.59824752,49.03060269,46.97400398,44.34062716,1.407231663,167.9681568,255,1633,6.762233043,274292,379805,4955,337,155,280,124,211,161,63,88,26,135,80,10
1623,2304,1760,0.922159091,215.6873375,-1,40.28465804,40.06161429,0.3046017,45.45841815,50.32891813,47.65874843,45.39399605,-0.830821122,114.8422674,196,1623,6.541543918,186389,272724,4777,258,231,220,220,216,215,170,93,0,136,80,10
1698,2352,1804,0.941241685,180.1665222,1,39.85041225,40.45288575,0.478935146,46.49688965,51.623638,49.77185744,43.69223932,-0.81100283,99.97290931,167,1698,6.514341243,169754,259034,4917,354,159,282,126,220,168,66,86,22,137,80,10
1362,2024,1539,0.884990253,201.8944443,0,40.1886931,39.62555066,0.434392317,41.64315382,47.29693436,47.22837547,42.53972055,-0.745002513,115.4522761,188,1362,6.34074156,157246,248586,5038,245,234,224,219,204,156,80,0,0,138,80,10
1576,2208,1657,0.951116476,168.3380951,0,40.1821066,40.32423858,0.326395305,44.7953739,48.83646179,46.22061288,43.68926521,1.383084984,148.6713198,234,1576,6.721458902,234306,340092,5030,193,186,182,182,176,156,124,91,80,139,80,10
1450,2115,1571,0.922978994,193.6873375,-2,39.94068966,39.9137931,0.348452008,42.96739857,47.67598976,45.97047426,43.08934939,1.33584712,144.262069,228,1450,6.554923567,209180,310274,4950,233,214,207,206,206,169,124,67,24,140,80,10
1285,1890,1463,0.878332194,193.4091629,-1,39.88326848,39.89027237,0.350058142,40.44889139,45.89117562,45.58872303,42.70423216,-1.565933675,151.6381323,232,1286,6.480768108,194943,306421,5114,235,228,222,220,187,129,65,0,0,141,80,10
1676,2256,1733,0.967109059,157.1959595,1,40.19689737,39.88902148,0.286110057,46.194691,49.04079934,47.24147523,45.26662861,1.172316028,145.7529833,211,1676,6.554945627,244282,349448,4912,341,156,285,126,223,174,66,90,27,142,80,10
1385,2162,1601,0.865084322,207.6518036,-1,40.26425993,40.12635379,0.403276799,41.99329434,48.08326112,47.84975236,43.78625771,-0.783964943,117.4765343,194,1385,6.477894435,162705,259139,5015,252,237,232,226,199,138,69,32,0,143,80,10
1060,1848,1347,0.786933927,202.2081528,0,39.66037736,40.28301887,0.184857759,36.73736405,44.92215489,44.46952066,43.70310122,1.173326119,177.2433962,252,1060,6.664146489,187878,329100,5340,250,244,239,209,87,31,0,0,0,144,80,10
1375,2025,1530,0.89869281,188.6162697,-3,40.12072727,39.71854545,0.338772563,41.84141936,46.57252409,46.1283787,43.40072907,1.123381896,155.3912727,241,1375,6.566294856,213663,332664,5025,246,225,222,220,199,147,116,0,0,145,80,10
1530,2070,1613,0.948543087,184.2375901,-3,40.10980392,39.70588235,0.326353171,44.13679308,47.80167361,45.85419148,43.34357857,1.22912391,140.0398693,223,1530,6.543283575,214261,304527,4870,228,204,202,200,196,191,161,92,56,146,80,10
1549,2115,1632,0.949142157,161.4741341,0,40.47772757,40.09489994,0.321934358,44.40999949,48.05205511,45.71794483,43.2840125,1.082828734,142.7520981,213,1550,6.612176928,221207,317258,5048,168,308,140,243,106,177,70,101,39,147,80,10
1090,1722,1343,0.811615786,207.8944443,-2,40.50825688,40.38990826,0.205267125,37.25360525,43.65775991,44.26746161,43.32482967,-0.903002873,144.8431193,223,1090,6.373467006,157879,268156,5310,254,243,238,212,143,0,0,0,0,148,80,10
1543,2162,1632,0.945465686,167.4386002,-1,40.20609203,40.32015554,0.338736769,44.32390571,47.80167361,45.84593681,43.13557929,0.891695847,135.323396,218,1543,6.39007929,208804,289999,5068,183,313,140,241,101,170,67,89,28,149,80,10
1336,2025,1541,0.8669695,211.3797257,-2,39.88173653,40.18338323,0.300241788,41.24376355,45.89117562,46.23758751,44.10432989,-0.985874106,137.4752994,226,1337,6.519942923,183750,286179,5063,262,240,236,229,188,110,52,20,0,150,80,10
1153,1892,1401,0.822983583,208.0304833,-1,40.10320902,40.42931483,0.227379135,38.31507791,45.35416188,44.68604079,43.51554848,-1.283599016,167.5082394,255,1153,6.57540526,193137,323612,5247,250,235,230,218,146,57,17,0,0,151,80,10
1172,1936,1487,0.788164089,225.137085,-2,39.49146758,39.86945392,0.2335767,38.62948028,45.54119015,47.07693711,45.77471277,-1.028851894,152.8976109,240,1172,6.509533044,179196,290591,5228,276,254,254,236,152,0,0,0,0,152,80,10
1647,2208,1693,0.972829297,160.2670273,0,40.52034001,39.74741955,0.306731007,45.79329132,49.24428901,47.00215594,44.73647547,1.367414877,167.2459016,252,1647,6.716460205,275454,377170,4949,183,321,144,262,115,195,79,111,41,153,80,10
1285,1892,1443,0.890505891,186.9949494,-2,40.25447471,40.31673152,0.359091995,40.44889139,45.88027899,44.01385258,41.0782241,1.050927335,158.8894942,254,1285,6.410214708,204173,301939,5115,231,208,204,202,182,135,86,37,0,154,80,10
1563,2304,1742,0.897244546,217.5868325,-4,40.3512476,39.90850928,0.418879596,44.61023883,49.76946855,48.73860965,44.25669412,-0.813507074,132.9545745,236,1564,6.747970555,207889,310298,4836,268,237,224,221,216,187,135,57,19,155,80,10
1690,2303,1766,0.956964892,163.0954544,1,40.01360947,39.55680473,0.306134528,46.38722702,49.49747468,47.60003618,45.3146757,1.511708171,161.1360947,255,1690,6.795079469,272320,377066,4909,347,155,282,123,216,175,67,89,37,156,80,10
1730,2450,1826,0.947426068,171.6812409,1,40.4734104,39.92716763,0.285963818,46.93297788,50.48762225,48.04286954,46.0366193,1.122724761,153.5884393,227,1730,6.888017928,265708,387232,4874,348,309,138,246,197,81,126,69,12,157,80,10
1622,2254,1689,0.960331557,165.4741341,-2,40.06658446,39.59494451,0.347640841,45.44441155,49.36598019,47.02761816,44.094401,1.069312363,147.5622688,219,1622,6.711804141,239346,336198,4988,348,151,268,119,208,166,61,74,17,158,80,10
1449,2070,1547,0.936651584,171.373629,1,39.59903382,40.00414079,0.319747392,42.95257967,47.5394573,44.34060821,42.01285159,1.570114837,154.8592133,255,1449,6.466843043,224391,308359,5156,170,296,134,126,220,86,135,44,33,159,80,10
1540,2115,1617,0.952380952,156.3319985,1,39.66103896,40.05974026,0.409196919,44.28079605,48.50773134,46.45119995,42.38421613,1.094450244,167.4123377,255,1540,6.785194222,257815,367591,5044,170,307,140,247,106,180,72,99,35,160,80,10
1184,1892,1419,0.834390416,205.137085,-2,39.87077703,40.10726351,0.271114431,38.82673848,45.12205669,44.74151461,43.06581619,-0.69060825,157.4983108,255,1184,6.515906004,186478,297945,5216,263,241,236,223,144,55,22,0,0,161,80,10
1540,2070,1631,0.944206009,159.0599205,0,40.09090909,39.49090909,0.362889561,44.28079605,47.5394573,45.97028469,42.83658948,0.897735881,149.4220779,230,1540,6.657133241,230110,327236,5054,170,305,139,249,107,181,69,96,30,162,80,10
1774,2548,1957,0.906489525,221.5512986,-2,40.08173619,39.93855693,0.477186678,47.52606603,55,51.69382892,45.42863786,-0.603859737,112.356257,194,1774,6.740117411,199320,301851,4626,278,240,232,227,226,224,186,113,48,163,80,10
1493,2208,1609,0.927905531,187.2375901,-1,39.77093101,39.99732083,0.293971763,43.59984679,48.25971405,45.84918876,43.82330131,1.127038768,164.5539183,255,1493,6.496435452,245679,349717,4907,230,214,209,208,205,186,149,70,22,164,80,10
1185,1764,1327,0.892991711,176.9238816,0,39.60675105,39.64303797,0.107183925,38.84313145,42.57933771,41.77200854,41.53136876,0.42190423,160.414346,255,1186,6.385522535,190185,288407,5214,215,205,204,203,179,119,61,0,0,165,80,10
1328,2070,1537,0.86402082,202.4802307,0,40.12424699,39.77936747,0.284726065,41.12009382,47.07440918,46.10952858,44.20100555,-1.139422583,139.8606928,228,1328,6.56554399,185735,293577,5072,243,234,230,230,193,127,51,20,0,166,80,10
1258,1935,1463,0.859876965,197.4446968,-1,39.74006359,39.65580286,0.331705534,40.02168596,46.17358552,45.38781701,42.81809388,1.233501973,168.1963434,255,1262,6.431772015,211984,328074,5138,244,225,222,216,166,118,71,0,0,167,80,10
1370,2070,1599,0.856785491,220.137085,0,39.99781022,39.63576642,0.362739204,41.76527477,48.08326112,47.98295681,44.71487103,-0.917746925,140.5445255,236,1371,6.68498824,192630,311308,5029,263,244,238,237,201,119,69,0,0,168,80,10
1189,1849,1368,0.869152047,186.8589104,0,40.60134567,40.07232969,0.224589918,38.90863424,44.94441011,42.94313197,41.84607963,1.363489781,160.7148865,241,1192,6.363548465,191373,311209,5208,235,217,214,211,168,107,40,0,0,169,80,10
1448,2070,1563,0.926423544,180.0304833,0,40.15331492,39.98895028,0.262876199,42.93775566,46.87216658,44.80174867,43.22605202,1.465953198,167.0345304,255,1449,6.733282254,241967,355787,4951,223,209,206,206,202,170,116,79,38,170,80,10
1178,1892,1398,0.842632332,200.8589104,-1,39.97198642,40.16468591,0.188762585,38.72823497,44.72135955,44.2901489,43.49393393,-0.486766791,157.7555178,241,1178,6.453751976,185836,298476,5222,244,240,234,222,151,67,20,0,0,171,80,10
1339,1935,1459,0.917751885,185.9238816,0,40.02165795,39.79985063,0.19589047,41.2900442,45.39823785,43.10513633,42.27000801,-0.164191935,146.39059,228,1341,6.327781603,196186,279079,5059,221,204,204,201,198,180,101,32,0,172,80,10
1551,2208,1637,0.947464875,173.373629,-1,39.92005158,39.72727273,0.19467348,44.43866035,48.16637832,45.0118058,44.15064458,1.251856353,163.1843972,251,1551,6.791353565,253099,363451,5063,191,183,182,177,331,118,85,52,18,173,80,10
1336,1936,1471,0.908225697,186.2375901,0,39.98428144,39.82784431,0.29981094,41.24376355,45.88027899,44.69977352,42.64352303,1.161378193,161.5464072,255,1336,6.502297906,215826,325020,5064,228,217,213,212,193,149,90,34,0,174,80,10
1149,1763,1364,0.842375367,197.0660172,0,39.88511749,39.68146214,0.239622787,38.24855863,44.14748011,43.72979969,42.45577864,-1.444403766,149.9921671,241,1149,6.36211498,172341,273384,5251,239,225,222,209,141,84,29,0,0,175,80,10
1123,1722,1303,0.861857252,191.8944443,-1,39.93499555,39.93677649,0.127621055,37.8133311,42.75511665,42.49131639,42.14386496,-0.914808707,154.2297418,241,1128,6.30941323,173644,270191,5272,243,228,222,213,140,60,22,0,0,176,80,10
1541,2068,1600,0.963125,154.0243866,1,39.71641791,39.84944841,0.288204286,44.2951706,47.85394446,45.31570754,43.39291438,1.350286791,157.8890331,255,1541,6.609666619,243307,335575,5044,170,303,138,249,105,179,72,99,41,177,80,10
1154,1806,1355,0.851660517,189.0660172,0,39.89514731,40.33535529,0.169386518,38.33168969,43.73785546,43.55915933,42.92971633,-0.884986986,157.4237435,240,1157,6.420653035,181946,291169,5243,235,226,224,204,145,88,35,0,0,178,80,10
1358,1980,1507,0.901128069,199.1665222,-3,40.29455081,40.16863034,0.38466489,41.58195885,46.32493929,45.67327295,42.15900207,1.11970642,167.7113402,255,1358,6.465545275,227752,337886,5042,242,216,214,211,195,151,92,37,0,179,80,10
1216,1890,1418,0.857545839,198.4091629,0,40.265625,40.21710526,0.342073616,39.34792607,46.09772229,44.15116178,41.48766157,1.533562301,140.4588816,235,1217,6.519314382,170884,290147,5183,238,223,214,211,174,107,50,0,0,180,80,10
1606,2256,1695,0.947492625,167.645707,0,40.43150685,40.34931507,0.286116598,45.21971593,48.76474136,46.28147923,44.34667316,1.288288289,157.0560399,239,1606,6.740721146,252232,357343,4995,338,154,270,121,210,158,57,78,19,181,80,10
1524,2070,1606,0.948941469,167.746212,1,40.31364829,39.91338583,0.209050192,44.05016534,47.5394573,44.63210195,43.64595174,1.097663785,152.0853018,229,1525,6.553790048,231867,331764,5072,167,301,136,240,105,175,71,98,35,182,80,10
1497,2208,1657,0.903439952,207.3441918,-2,40.65263861,40.44355377,0.430145447,43.65821341,49.47726751,48.89668224,44.14194927,-1.079563359,138.2030728,218,1497,6.818549472,206890,343990,4903,254,242,232,232,227,187,123,0,0,183,80,10
1131,1764,1297,0.872012336,178.5807358,0,39.94341291,40.01149425,0.192935167,37.94777892,42.75511665,41.87206788,41.08535482,0.110300619,152.1396994,240,1137,6.219134734,172599,271656,5263,226,213,211,204,155,96,32,0,0,184,80,10
1631,2162,1678,0.971990465,152.6101731,1,40.30717351,39.66400981,0.254097076,45.57031597,48.38388161,46.37739581,44.8552303,1.299623472,162.2783568,255,1631,6.381111271,264676,354424,4955,334,154,281,126,212,165,65,86,22,185,80,10
1354,1978,1520,0.890789474,193.8883476,0,40.77252585,40.10044313,0.295605804,41.52067369,46.5295605,45.48162993,43.44905619,-1.448639117,152.922452,240,1354,6.620478619,207057,319195,5046,230,225,224,222,194,140,81,38,0,186,80,10
1574,2116,1626,0.96801968,163.4741341,0,39.69758577,39.76874206,0.264774941,44.76694141,47.29693436,45.68530592,44.05480812,0.91221146,142.58831,216,1574,6.381144757,224434,309668,5020,171,315,144,254,107,183,75,103,28,187,80,10
1559,2070,1608,0.969527363,155.6101731,0,40.32969852,39.85246953,0.291034243,44.55311942,47.5394573,45.61165418,43.63724594,0.953225752,151.0955741,227,1562,6.653393491,235832,334179,5029,168,308,142,255,109,180,70,100,39,188,80,10
1161,1806,1387,0.837058399,196.6518036,0,40.23600345,40.52885444,0.121241844,38.44777122,43.96589587,43.26704575,42.94786465,1.087974724,166.1223084,255,1162,6.454158647,192964,314421,5238,240,227,224,206,145,88,32,0,0,189,80,10
1158,1804,1335,0.86741573,182.1665222,0,40.21157168,40.42918826,0.307224995,38.39806496,45.12205669,43.86931105,41.74765548,1.53258673,172.3557858,255,1158,6.383739875,199588,322780,5242,222,221,220,209,157,90,39,0,0,190,80,10
1592,2160,1656,0.961352657,156.6101731,1,40.48869347,40.08103015,0.362256852,45.02218737,48.83646179,46.68421801,43.51334695,1.335600941,151.8875628,228,1592,6.668957845,241805,341687,4996,337,154,271,121,199,153,62,85,22,191,80,10
1493,2070,1563,0.955214331,152.8172798,1,39.73007368,39.73007368,0.282846342,43.59984679,47.29693436,44.62357887,42.80138549,1.496646089,150.7823175,238,1493,6.426280615,225118,316096,5091,167,303,136,242,105,172,66,85,33,192,80,10
1583,2160,1648,0.960558252,153.1959595,1,39.51231838,39.50473784,0.344662474,44.89474579,48.66210024,46.38876752,43.5463737,1.49803889,160.6392925,255,1583,6.506681485,254292,346792,5003,325,150,273,121,214,162,59,76,17,193,80,10
1684,2256,1754,0.96009122,167.6101731,1,40.37351544,40.2476247,0.228854641,46.30480961,48.83646179,46.98381638,45.7368944,1.283745783,138.8408551,203,1684,6.668203317,233808,325749,4916,339,154,279,124,220,177,68,95,28,194,80,10
1278,1890,1448,0.882596685,199.4091629,-1,39.62832551,39.83333333,0.382414432,40.33856887,45.89117562,45.39583615,41.94533997,1.255029929,165.084507,255,1278,6.403196383,210978,323616,5122,241,224,220,217,174,133,69,0,0,195,80,10
1641,2254,1699,0.965862272,154.2670273,1,40.31748934,40.1535649,0.285531335,45.70980303,49.36598019,46.74567667,44.79962488,1.496751103,155.7483242,241,1641,6.478889525,255583,346228,4947,340,154,279,126,213,169,64,86,22,196,80,10
1621,2208,1682,0.96373365,158.8528137,1,40.00987045,40.4706971,0.331207091,45.43040064,49.03060269,46.84517612,44.20114475,1.507547053,149.2245527,229,1621,6.542258848,241893,335223,4970,341,152,278,124,210,162,64,82,17,197,80,10
1429,2024,1526,0.936435125,168.4741341,-4,40.74807558,39.61931421,0.268028704,42.65512055,46.87216658,43.64460034,42.04768486,1.417190369,131.9489153,216,1430,6.26241303,188634,262303,5184,164,293,131,121,207,86,126,45,43,198,80,10
1532,2162,1600,0.9575,156.8528137,1,39.78916449,39.91840731,0.289272008,44.16563124,47.38143096,45.23126489,43.29748994,0.965902127,165.868799,255,1532,6.519721896,254111,360410,5059,168,305,138,250,108,181,72,95,24,199,80,10
